paper,sample,chondrite type,CAI name,min type,26Al/27Al,(26Al/27Al) 2 sig,del26Mg*,del26Mg*) 2 sig,Fmg,(Fmg) 2 sig,n,Al/Mg max,MSWD,max MSWD,CAI size x,CAI size y,Del17O,Del17O 2sig,min,texture,other,,26/24,2 sig,,,,,,,,,,,,,
Russell1998,ALHA 77307,CO3.0,SP4,mel,6.8,2,-1.579098478,1.148435257,3.3,3.6,7,31,0.7,,,,,,,,,,0.1391,0.00016,,,,,,,,,,,,,
Russell1998,ALHA 77307,CO3.0,SP5,mel,5.15,1.94,1.148435257,0.933103646,5.9,4,9,24,0.5,,,,,,,,,,0.13948,0.00013,,,,,,,,,,,,,
Russell1998,ALHA 77307,CO3.0,SP7,"mel (sp), CTA-like",4.58,0.98,1.291989664,0.933103646,6.4,3.2,7,63,2.6,,110,60,,,"mel, sp, hib","round, compact",CTA-like,,0.1395,0.00013,,,,,,,,,,,,,
Russell1998,ALHA 77307,CO3.0,SP9,mel,MSWD>7,,4.091300603,0.861326443,5.5,3.6,4,18,10.4,,,,,,,,,,0.13989,0.00012,,,,,,,,,,,,,
Russell1998,ALHA 77307,CO3.0,SP16,"mel, CTA-like",3.41,5.68,0.789549239,0.861326443,3,3.2,4,10,0.6,,120,90,,,"mel, sp, an, diop","rounded, patrial rim, compact",CTA-like,,0.13943,0.00012,,,,,,,,,,,,,
Russell1998,Colony (4488),CO3.0,SP4,mel,1.32,3.28,0.933103646,0.933103646,4.6,2.4,6,16,1.6,,,,,,,,,,0.13945,0.00013,,,,,,,,,,,,,
Russell1998,Colony (4485),CO3.0,C21,"mel, CTA-like",5.97,2.52,4.450186621,1.507321275,-0.8,2.4,5,29,1.5,,340,230,,,"mel, sp","rounded, irreg, rim, compact",CTA-like,,0.13994,0.00021,,,,,,,,,,,,,
Russell1998,Colony (4485),CO3.0,C56,mel,4.06,1.41,-0.358886018,1.291989664,2,1.5,2,44,,,,,,,,,,,0.13927,0.00018,,,,,,,,,,,,,
Russell1998,Colony (4485),CO3.0,C62,mel,,,,,1.7,1.3,2,11,,,,,,,,,,,,,,,,,,,,,,,,,
Russell1998,Kainsaz,CO3.1,SP1,mel,3.85,4.44,-1.148435257,1.363766868,3.6,4.8,8,21,0.9,,,,,,,,,,0.13916,0.00019,,,,,,,,,,,,,
Russell1998,Kainsaz,CO3.1,SP22,mel,1.92,2.72,0.861326443,1.148435257,5.2,7.4,5,22,0.9,,,,,,,,,,0.13944,0.00016,,,,,,,,,,,,,
Russell1998,Felix (4814),CO3.2,SP4,mel,MSWD>7,,3.517082974,0.861326443,-1.3,4.2,6,19,13.4,,,,,,,,,,0.13981,0.00012,,,,,,,,,,,,,
Russell1998,Felix (4813),CO3.2,SP6,mel,MSWD>7,,4.952627046,0.789549239,4.3,3.2,5,16,8.4,,,,,,,,,,0.14001,0.00011,,,,,,,,,,,,,
Russell1998,Felix (4813),CO3.2,SP7,mel,1.81,2.54,3.804191789,0.789549239,3,2.4,7,19,3.7,,,,,,,,,,0.13985,0.00011,,,,,,,,,,,,,
Russell1998,Felix (4813),CO3.2,SP9,mel,4.13,0.96,-0.358886018,0.717772036,1.8,3.4,6,41,2.7,,,,,,,,,,0.13927,0.0001,,,,,,,,,,,,,
Russell1998,Felix (4813),CO3.2,SP10,mel,MSWD>7,,6.603502728,0.861326443,3.8,3.2,8,18,12.6,,,,,,,,,,0.14024,0.00012,,,,,,,,,,,,,
Russell1998,Felix (4813),CO3.2,SP13,mel,4.83,0.94,0.789549239,0.789549239,4.1,3.6,8,33,2.8,,,,,,,,,,0.13943,0.00011,,,,,,,,,,,,,
Russell1998,Ornans,CO3.3,SP17,"mel, CTA-like",2.92,0.94,2.942865346,0.933103646,6.3,2.4,5,68,6.1,,270,200,,,"mel, sp, pv","rounded, partial rim, compact",CTA-like,,0.13973,0.00013,,,,,,,,,,,,,
Russell1998,Ornans,CO3.3,SP18,mel,3.34,1.9,2.081538903,0.861326443,3.3,3.4,6,19,3.8,,,,,,,,,,0.13961,0.00012,,,,,,,,,,,,,
Russell1998,ALH 82101,CO3.3,SP1,"mel, FGI",6.71,3.3,-0.645994832,1.076658053,8.6,4,6,20,4.8,,1000,,,,"mel, sp, an","fg, aggregate, nodules",,,0.13923,0.00015,,,,,,,,,,,,,
Russell1998,ALH 82101,CO3.3,SP4,mel (sp),MSWD>7,,6.101062303,0.933103646,7.3,1.8,8,18,12.2,,,,,,,,,,0.14017,0.00013,,,,,,,,,,,,,
Russell1998,Lance (4815),CO3.4,SP2,mel,2.45,6.58,3.22997416,2.727533735,6.2,2,5,20,1.9,,280,,,,,,,,0.13977,0.00038,,,,,,,,,,,,,
Russell1998,Lance (4811),CO3.4,SP10,mel,5.97,3.7,-1.148435257,1.076658053,1.7,5.2,7,21,2,,,,,,,,,,0.13916,0.00015,,,,,,,,,,,,,
Russell1998,Lance (4811),CO3.4,SP15,mel,2.96,1.5,-0.071777204,1.722652885,3.1,5.8,6,53,1.1,,,,,,,,,,0.13931,0.00024,,,,,,,,,,,,,
Russell1998,Colony,CO3.0,C40,hib-herc,,,,,-1.7,2,1,16,,,130,90,,,"herc, hib, diop, neph","irreg, partial rim",,,,,,,,,,,,,,,,,
Russell1998,Felix (4813),CO3.2,SP4,hib-herc,5.02,1.06,-0.502440425,0.861326443,-2.9,2.8,2,35,,,,,,,,,,,0.13925,0.00012,,,,,,,,,,,,,
Russell1998,ALH 82101,CO3.2,SP6,hib-herc,2.13,1.16,2.799310939,0.717772036,0,3.2,5,22,5.7,,,,,,,,,,0.13971,0.0001,,,,,,,,,,,,,
Russell1998,ALHA 77003,CO3.5,SP13,hib-herc (herc),5.23,1.76,-1.579098478,1.00488085,-4.2,1.4,7,29,1.2,,,,,,,,,,0.1391,0.00014,,,,,,,,,,,,,
Russell1998,ALHA 77003,CO3.5,SP14,hib-herc (herc),4.17,0.64,-1.00488085,0.861326443,-2.9,1.4,4,54,1.2,,,,,,,,,,0.13918,0.00012,,,,,,,,,,,,,
Russell1998,Warrenton,CO3.6,SP1,hib-herc,6.85,5.32,-0.933103646,1.148435257,-1.4,4.2,7,11,1.2,,,,,,,,,,0.13919,0.00016,,,,,,,,,,,,,
Russell1998,Colony,CO3.0,C31,hib,3.46,1.18,0.502440425,2.727533735,-2.5,2.3,2,133,,,,,,,,,,,0.13939,0.00038,,,,,,,,,,,,,
Russell1998,Felix (4814),CO3.2,SP2,hib,,,,,-1.6,6.2,1,551,,,,,,,,,,,,,,,,,,,,,,,,,
Russell1998,Warrenton,CO3.6,SP4,hib,,,,,-3.4,2.2,2,117,,,,,,,,,,,,,,,,,,,,,,,,,
Russell1998,Isna,CO3.7,SP16,hib,2.47,0.31,-14.92965834,10.19236291,3.6,21.4,2,2502,,,40,,,,hib,"grain, frag",HAL-like,,0.13724,0.00142,,,,,,,,,,,,,
Russell1998,Isna,CO3.7,SP1,an,-0.86,0.06,3.732414585,2.440424921,0.9,2,2,172,,,270,230,,,"an, neph, fass, sp (herc)","round, concentric, porous",,,0.13984,0.00034,,,,,,,,,,,,,
Russell1998,Colony,CO3.0,C42,grs,-0.02,0.28,3.445305771,1.363766868,-2.4,1.9,3,1500,,,250,,,,"grs, sp, diop","aggregate, nodules, concentric",,,0.1398,0.00019,,,,,,,,,,,,,
Russell1998,Colony (4488),CO3.0,SP1,microsph,-0.44,0.36,-0.717772036,0.861326443,-2.9,2.1,3,85,,,170,,,,"hib, fass","round, laths",,,0.13922,0.00012,,,,,,,,,,,,,
Russell1998,ALH 82101,CO3.3,SP15,microsph,0.44,0.34,-1.579098478,1.291989664,2.6,1.2,3,123,,,140,,,,"hib, fass","round, laths",,,0.1391,0.00018,,,area,perim,major,minor,angle,circ,median,skew,AR,round,solidity
Koop2016,Murchison,CM2,1/1/08,SHIB,4.7,0.2,0.07,0.11,,,3,110,1.3,,105.7,90.7,,,"sp, hib",,SHIB,,,,,,7534,322.7,105.7,90.7,170.7,0.9,117,-0.5,1.2,0.9,1
Koop2016,Murchison,CM2,1/10/05,SHIB,4.9,0.2,0.12,0.12,,,4,140,0.4,,119.3,68.4,,,"sp, hib",,SHIB,,,,,,6413.5,333.1,119.3,68.4,153.9,0.7,107,0,1.7,0.6,0.9
Koop2016,Murchison,CM2,1/2/01,SHIB,4.6,0.5,-0.03,0.2,,,3,40,0.3,,107.6,61.8,,,"sp, hib",,SHIB,,,,,,5219.2,292.1,107.6,61.8,160.5,0.8,161,-0.8,1.7,0.6,0.9
Koop2016,Murchison,CM2,1/3/01,SHIB,5.3,1.1,-0.1,0.26,,,2,30,,,79.4,46,,,"sp, hib",,SHIB,,,,,,2865.6,225.9,79.4,46,66.1,0.7,127,-1.3,1.7,0.6,0.9
Koop2016,Murchison,CM2,1/3/09,SHIB,2.5,0.7,0.79,0.21,,,2,30,,,73.8,65,,,"sp, hib",,SHIB,,,,,,3767.1,270.6,73.8,65,5.6,0.6,108,0.1,1.1,0.9,0.9
Koop2016,Murchison,CM2,1/5/04,SHIB,4.9,0.4,0.04,0.18,,,3,45,0.2,,145.9,82.2,,,"sp, hib",,SHIB,,,,,,9418.2,715,145.9,82.2,26.9,0.2,108,0,1.8,0.6,0.8
Koop2016,Murchison,CM2,1/6/06,SHIB,4.7,0.3,0.19,0.16,,,3,60,3.5,,86.4,81,,,"sp, hib",,SHIB,,,,,,5495.3,274.6,86.4,81,124.2,0.9,117,-0.2,1.1,0.9,1
Koop2016,Murchison,CM2,1/7/04,SHIB,4.6,0.6,0.1,0.16,,,3,70,0.9,,78.5,43.6,,,"sp, hib",,SHIB,,,,,,2687.9,206.1,78.5,43.6,22,0.8,120,-0.5,1.8,0.6,1
Liu2019,ALHA77307,CO3.0,SP019,hib,4.86,0.42,0.05,0.26,,,4,15,0.3,,54.5,32.8,,,hib,"irreg, laths",,,,,,,1402.2,170.6,54.5,32.8,132.5,0.6,96,0.8,1.7,0.6,0.9
Liu2019,ALHA77307,CO3.0,SP021,hib-pv-sp,0.8,1.65,0.87,0.44,,,5,5,2,,53,16.8,,,hib-pv-sp,"irreg, porous",,,,,,,698.7,135.8,53,16.8,17,0.5,68,1.5,3.2,0.3,0.8
Liu2019,ALHA77307,CO3.0,SP070,sp-pv-di-ol,5.12,0.67,-0.13,0.09,,,4,2,0.7,,117,85.9,,,sp-pv-di-ol,"irreg, compact, rim",,,,,,,7895,473.8,117,85.9,45.7,0.4,118,-0.1,1.4,0.7,0.7
Liu2019,ALHA77307,CO3.0,SP073,hib-pv-sp,4.85,0.32,0.12,0.1,,,4,14,10,,30.8,21.4,,,hib-pv-sp,"irreg, porous, laths",,,,,,,517.4,89.7,30.8,21.4,58.4,0.8,71,0.9,1.4,0.7,0.9
Liu2019,ALHA77307,CO3.0,SP074,hib-pv-sp,5.37,0.29,-0.21,0.5,,,4,42,1.9,,73.9,70,,,hib-pv-sp,"irreg, porous",,,,,,,4064.5,249.9,73.9,70,61.7,0.8,82,0.8,1.1,0.9,0.9
Liu2019,ALHA77307,CO3.0,SP095,hib-sp,4.94,0.21,-0.06,0.27,,,3,58,1,,58.7,40.1,,,hib-sp,"irreg, porous",,,,,,,1847.2,201.5,58.7,40.1,148.6,0.6,87,0.7,1.5,0.7,0.8
Liu2019,ALHA77307,CO3.0,SP117,hib-pv-sp-di,3.76,0.37,0.86,0.27,,,4,20,6.7,,35.1,23.8,,,hib-pv-sp-di,"irreg, porous",,,,,,,656.2,97.2,35.1,23.8,89.1,0.9,90,0.5,1.5,0.7,1
Liu2019,ALHA77307,CO3.0,SP119,hib-pv-sp-di,5.46,0.35,-0.16,0.14,,,5,13,0.4,,49.1,32.9,,,hib-pv-sp-di,"irreg, rim",,,,,,,1270.3,138.6,49.1,32.9,97.9,0.8,99,0.9,1.5,0.7,0.9
Liu2019,ALHA77307,CO3.0,SP147,hib-sp-di,5.73,1.2,-0.05,0.43,,,3,7,1.2,,41.1,26.3,,,hib-sp-di,"rounded, laths, rim",,,,,,,849.4,120.8,41.1,26.3,147.7,0.7,85,1.3,1.6,0.6,0.9
Liu2019,ALHA77307,CO3.0,SP148,hib-sp-di,3.34,0.37,0.46,0.33,,,3,24,9.4,,32.3,18.9,,,hib-sp-di,"irreg, porous",,,,,,,480.5,91.6,32.3,18.9,130.6,0.7,92,0.4,1.7,0.6,0.9
Liu2019,ALHA77307,CO3.0,SP155,hib-sp,1.72,0.81,1.57,0.46,,,3,10,22.3,,20.9,18.6,,,hib-sp,"irreg, porous",,,,,,,304.1,63.9,20.9,18.6,77,0.9,85,1.2,1.1,0.9,1
Liu2019,ALHA77307,CO3.0,SP164,hib-sp-di,4.68,0.39,-0.04,0.24,,,3,12,1.8,,31.8,19.5,,,hib-sp-di,"irreg, porous, laths",,,,,,,487.8,88.9,31.8,19.5,165.3,0.8,89,1.6,1.6,0.6,0.9
Liu2019,ALHA77307,CO3.0,SP165,sp-di-fo,4.32,0.62,-0.01,0.04,,,3,3,0.9,,110,38.6,,,sp-di-fo,"rounded, concentric, partial rim",,,,,,,3338.2,253,110,38.6,1.2,0.7,90,1.8,2.8,0.4,1
Liu2019,ALHA77307,CO3.0,SP212,sp-pv-di-ol,4.53,0.8,-0.11,0.11,,,4,3,0.4,,100.8,35.3,,,sp-pv-di-ol,"rounded, partial rim",,,,,,,2796.9,257.7,100.8,35.3,37.2,0.5,104,1.5,2.9,0.4,0.9
Liu2019,ALHA77307,CO3.0,SP222,hib-sp,2.44,0.44,0.26,0.32,,,3,16,0.2,,32.5,16,,,hib-sp,"irreg, porous",,,,,,,409.6,92.2,32.5,16,134.9,0.6,114,0.4,2,0.5,0.9
Liu2019,ALHA77307,CO3.0,SP229,"sp-pv-mel-di-ol, CTA-like",5.59,0.91,-0.15,0.13,,,4,2,1.4,,204.6,143.3,,,sp-pv-mel-di-ol,"irreg, fg, rim",CTA-like,,,,,,23025.9,635.3,204.6,143.3,155.4,0.7,100,1.8,1.4,0.7,0.9
Liu2019,ALHA77307,CO3.0,SP230,hib-pv-sp-mel,4.48,0.19,0.33,0.31,,,5,43,3.8,,76.3,42.4,,,hib-pv-sp-mel,"irreg, porous, laths",,,,,,,2544.7,253.6,76.3,42.4,108,0.5,84,0.6,1.8,0.6,0.8
Liu2019,ALHA77307,CO3.0,SP230SW,hib-pv-sp-mel,3.01,0.79,1.77,0.81,,,3,21,0.7,,59.9,26.3,,,hib-pv-sp-mel,"irreg, porous, laths",,,,,,,1239.1,154,59.9,26.3,7.7,0.7,94,0.7,2.3,0.4,0.9
Simon2019,DOM 08004,CO3.1,16-1,hib-grs-mel,-0.011,0.068,,,,,3,2000,,,206.6,160.2,,,"hib, sp, grs, mel, diop","rounded, concentric, compact, rim",,,,,,,25992.5,644.9,206.6,160.2,12.7,0.8,83,2.6,1.3,0.8,0.9
Simon2019,DOM 08004,CO3.1,26-1,hib-grs,-0.028,0.096,,,,,2,100,,,66.8,33.5,,,"hib, grs","irreg, frag",,,,,,,1756.7,185.9,66.8,33.5,106.4,0.6,59,4,2,0.5,0.9
Simon2019,DOM 08004,CO3.1,44-2,grs-mel,4.4,0.3,,,,,3,3000,,,75.9,32,,,"grs, mel, pv","irreg, rim",,,,,,,1908.8,197.3,75.9,32,124.1,0.6,87,2.2,2.4,0.4,0.9
Simon2019,DOM 08004,CO3.1,51-1,hib-grs-mel,4,0.3,,,,,2,5000,,,119.6,94.5,,,"grs, mel, pv, hib","rounded, concentric, compact, rim",,,,,,,8875,355,119.6,94.5,6.5,0.9,85,2.2,1.3,0.8,1
Simon2019,DOM 08004,CO3.1,75-1,grs-mel,4.5,0.3,,,,,3,1000,,,124.3,100,,,"grs, mel, pv, hib","irreg, snakey, rim",,,,,,,9764.9,422.4,124.3,100,179.6,0.7,86,2,1.2,0.8,0.9
Simon2019,DOM 08004,CO3.1,77-1,grs-sp,4.3,0.3,,,,,3,3500,,,126,85.8,,,"grs, pv, hib","irreg, snakey, rim",,,,,,,8495.6,375.6,126,85.8,5.5,0.8,88,1.7,1.5,0.7,1
Simon2019,DOM 08006,CO3.0,18-3,grs-mel,4.5,0.1,,,,,2,2000,,,71.7,46.4,,,"grs, mel, diop, sp","irreg, frag, partial rim",,,,,,,2612.6,215.1,71.7,46.4,163.5,0.7,84,2.1,1.5,0.6,0.9
Simon2019,DOM 08006,CO3.0,31-2,hib-grs-mel,-0.025,0.084,,,,,6,1000,,,262.9,205.7,,,"grs, mel, sp, hib","concentric, irreg, porous, laths, rim",UN,,,,,,42477.6,920.5,262.9,205.7,55.7,0.6,102,1.2,1.3,0.8,0.9
Simon2019,DOM 08006,CO3.0,56-1,hib-grs,1,0.1,,,,,5,2000,,,58.9,52.7,,,"hib, grs, mel, cor","irreg, concentric, porous, partial rim",,,,,,,2437.1,203.5,58.9,52.7,75.4,0.7,85,1.6,1.1,0.9,0.9
Simon2019,DOM 08006,CO3.0,99-1,grs-hib-mel,4.5,0.5,,,,,3,500,,,140.1,122.2,,,"grs, mel, sp, hib","irreg, aggregates, nodules, porous, concentric",,,,,,,13448.3,650.2,140.1,122.2,154.1,0.4,105,0.6,1.1,0.9,0.7
Makide2009,Acfer 097 PL92521,CR2,#1,mel-sp,4.89,0.23,,,,,7,105,,,471,200.9,-24.3,1,"Mel, Pv, Sp, Di",,,,,,,,,,,,,,,,,,
Makide2009,Asuka 88128-61-4,CR2,#1,mel-sp-px,4.73,0.44,,,,,,17,,,422.9,187.2,-23.8,2,"Mel, Pv, Sp, Di",,,,,,,,,,,,,,,,,,
Makide2009,Gao-Guenie (b),CR2,#1,mel-sp,5.43,0.62,,,,,6,,,,295.6,251.5,-23.6,0.7,,,,,,,,,,,,,,,,,,,
Makide2009,Gao-Guenie (b),CR2,#2,mel-sp,4.53,0.75,,,,,7,,,,,,-23.6,0.5,,,,,,,,,,,,,,,,,,,
Makide2009,Gao-Guenie (b),CR2,#6,AOA,5.14,0.75,,,,,7,,,,112.8,69.1,-23.3,2,,,,,,,,,,,,,,,,,,,
Makide2009,GRA 95229-17,CR2,#7 ,"mel-rich, grs, sp, hib",5,0.5,,,,,9,,,,318.3,147.1,-24,1.3,,,,,,,,,,,,,,,,,,,
Makide2009,GRA 95229-18,CR2,#22,an-px (B),4.43,0.24,,,,,5,,,,390,206.2,-23.7,0.5,,,,,,,,,,,,,,,,,,,
Makide2009,Acfer 097 PL92521,CR2,#2,mel-sp,5.44,0.6,,,,,5 (model),,,,470.2,237.4,-24.4,2.2,,,,,,,,,,,,,,,,,,,
Makide2009,EET 92042-22,CR2,#4,"mel-rich, px",4.44,0.39,,,,,6 (model),,,,1476.3,626.5,-23.7,0.4,,,,,,,,,,,,,,,,,,,
Makide2009,EET 96286-6,CR2,#7,"mel-rich, sp",4.6,0.56,,,,,6 (model),,,,249.2,122,-23.3,0.5,,,,,,,,,,,,,,,,,,,
Makide2009,El Djouf 001 PL91172,CR2,#1,"mel-rich, pv, px",4.75,0.34,,,,,9 (model),,,,965.4,672,-22.9,1.2,,,,,,,,,,,,,,,,,,,
Makide2009,GRA 95229-17 ,CR2,#8 melilite,mel-sp-pv-hib,5.12,0.37,,,,,6 (model),,,,251.2,196.3,-23,1.9,,,,,,,,,,,,,,,,,,,
Makide2009,GRA 95229-18,CR2,#2,mel-rich (sodalite),5.06,0.54,,,,,6,,,,,,-22.7,0.8,,,,,,,,,,,,,,,,,,,
Makide2009,GRA 95229-31,CR2,#3,mel-grs-sp,4.29,0.11,,,,,5 (model),,,,185.2,94.5,-22,0.5,,,,,,,,,13745.6,601,185.2,94.5,173.7,0.5,102,0.4,2,0.5,0.8
Makide2009,Temple Bar,CR2,#4,mel,4.98,0.46,,,,,6 (model),,,,152.6,86,-22.8,1.9,,,,,,,,,,,,,,,,,,,
Makide2009,El Djouf 001 PL91172,CR2,#5,hib-grs,,,,,,,6 (model),,,,,,-23,1.7,,,,,,,,,,,,,,,,,,,
Makide2009,Gao-Guenie (b),CR2,#3,mel-sp,1.96,1.71,,,,,5,,,,240,164.2,-20.3,1.2,,,,,,,,,,,,,,,,,,,
Makide2009,Acfer 209 PL91165,CR2,#3 relict spinel,an-sp-px,4.37,0.66,,,,,3 (model),,,,333.1,220.1,-23.5,,,,,,,,,,,,,,,,,,,,
Makide2009,Gao-Guenie (b),CR2,#4,AOA,0.12,0.15,,,,,9 (model),,,,290.3,231.7,-9.3,,,,,,,,,,,,,,,,,,,,
Ushikubo2017,Acfer 094,C3.00 (ung),Y81020-E-8,mel-sp (CTA),5.05,0.18,0.01,0.1,0.21,2.16,10,34,,,451,429.5,-24.3,0.3,,,,,,,,,152147.1,1541.3,451,429.5,24.7,0.8,124,0.2,1.1,1,1
Ushikubo2017,Acfer 094,C3.00 (ung),G5,mel-sp-px (FGI),4.72,0.31,-0.03,0.13,-0.24,3.5,5,72,,,360.7,187.2,-24,0.9,,,,,,,,,53032.6,1140.6,360.7,187.2,23.2,0.5,147,0,1.9,0.5,0.8
Ushikubo2017,Acfer 094,C3.00 (ung),G16,mel-px (FGI),4.76,0.17,0.09,0.18,-0.36,1.38,10,32,,,762.4,384.8,-23,0.6,,,,,,,,,230410.2,2020.5,762.4,384.8,167.2,0.7,205,-1.2,2,0.5,0.9
Ushikubo2017,Acfer 094,C3.00 (ung),G49,mel-px (FGI),4.08,0.75,-0.08,0.22,1.07,2.37,3,18,,,425,179.8,-22,0.5,,,,,,,,,60024,1310.8,425,179.8,48.5,0.4,172,-0.7,2.4,0.4,0.7
Ushikubo2017,Acfer 094,C3.00 (ung),G92,mel-sp-an (FGI),5.2,2,0.15,0.14,-0.19,1.38,9,6,,,265.5,135.8,-23.3,0.3,,,,,,,,,28323.6,699.9,265.5,135.8,89.7,0.7,144,0,2,0.5,0.9
Ushikubo2017,Acfer 094,C3.00 (ung),G104,mel-sp-px (CTA),4.53,0.21,-0.03,0.01,1.29,0.56,5,37,,,390.1,174.4,-23.6,0.4,,,,,,,,,53440.8,1146.2,390.1,174.4,30.5,0.5,211,-1.5,2.2,0.4,0.9
Ushikubo2017,Acfer 094,C3.00 (ung),G17,AOA,5.32,0.81,-0.006,0.069,0.24,1.19,5,2.5,,,215.1,126.4,-23.6,0.4,,,,,,,,,21350.8,781.3,215.1,126.4,70.6,0.4,124,0.1,1.7,0.6,0.8
Ushikubo2017,Acfer 094,C3.00 (ung),G28,AOA,,,,,0.51,0.48,2,,,,568.5,304.7,-23.9,0.3,,,,,,,,,136033.8,1523.5,568.5,304.7,31.4,0.7,103,0.7,1.9,0.5,1
Ushikubo2017,Acfer 094,C3.00 (ung),G44,AOA,,,,,1.02,0.28,2,,,,226.5,173.9,-24.2,0.4,,,,,,,,,30939.7,718.1,226.5,173.9,60.6,0.8,137,0,1.3,0.8,1
Ushikubo2017,Acfer 094,C3.00 (ung),G58,AOA,,,,,0.6,0.13,2,,,,491,359.8,-23.5,0.3,,,,,,,,,138762.5,1664.8,491,359.8,72.2,0.6,123,0.5,1.4,0.7,0.9
Makide 2011,ALHA 77307,CO3.0,ALHA 04-01,cor grains,4.25,0.94,,,,,,,,,10,,,,cor grains,,,,,,,,,,,,,,,,,,
Makide 2011,ALHA 77307,CO3.0,ALHA 04-02,cor grains,5.69,1.64,,,,,,,,,10,,,,cor grains,,,,,,,,,,,,,,,,,,
Makide 2011,ALHA 77307,CO3.0,ALHA 05-01,cor grains,-0.08,0.17,,,,,,,,,10,,,,cor grains,,,,,,,,,,,,,,,,,,
Makide 2011,ALHA 77307,CO3.0,ALHA 06-01,cor grains,4.13,0.89,,,,,,,,,10,,,,cor grains,,,,,,,,,,,,,,,,,,
Makide 2011,ALHA 77307,CO3.0,ALHA 07-01,cor grains,-0.09,0.17,,,,,,,,,10,,,,cor grains,,,,,,,,,,,,,,,,,,
Makide 2011,ALHA 77307,CO3.0,ALHA 07-02,cor grains,-0.19,0.56,,,,,,,,,10,,,,cor grains,,,,,,,,,,,,,,,,,,
Makide 2011,ALHA 77307,CO3.0,ALHA 09-01,cor grains,0.03,0.25,,,,,,,,,10,,,,cor grains,,,,,,,,,,,,,,,,,,
Makide 2011,ALHA 77307,CO3.0,ALHA 09-02,cor grains,-0.02,0.08,,,,,,,,,10,,,,cor grains,,,,,,,,,,,,,,,,,,
Makide 2011,CM2 Murray,CM2,Murr 07-01,cor grains,0.98,0.23,,,,,,,,,10,,,,cor grains,,,,,,,,,,,,,,,,,,
Makide 2011,CM2 Murray,CM2,Murr 07-02,cor grains,5.45,1.47,,,,,,,,,10,,,,cor grains,,,,,,,,,,,,,,,,,,
Makide 2011,CM2 Murray,CM2,Murr 07-03,cor grains,5.16,1.11,,,,,,,,,10,,,,cor grains,,,,,,,,,,,,,,,,,,
Makide 2011,CM2 Murray,CM2,Murr 08-01,cor grains,0.76,0.27,,,,,,,,,10,,,,cor grains,,,,,,,,,,,,,,,,,,
Makide 2011,CM2 Murray,CM2,Murr 08-02,cor grains,-0.13,0.32,,,,,,,,,10,,,,cor grains,,,,,,,,,,,,,,,,,,
Makide 2011,CM2 Murray,CM2,Murr 09-01,cor grains,0.82,0.25,,,,,,,,,10,,,,cor grains,,,,,,,,,,,,,,,,,,
Makide 2011,CM2 Murray,CM2,Murr 10-01,cor grains,0,0.07,,,,,,,,,10,,,,cor grains,,,,,,,,,,,,,,,,,,
Makide 2011,CM2 Murray,CM2,Murr 10-02,cor grains,0.01,0.1,,,,,,,,,10,,,,cor grains,,,,,,,,,,,,,,,,,,
Makide 2011,CM2 Murray,CM2,Murr 10-04,cor grains,4.44,0.95,,,,,,,,,10,,,,cor grains,,,,,,,,,,,,,,,,,,
Makide 2011,CM2 Murray,CM2,Murr 12-01,cor grains,4.43,0.98,,,,,,,,,10,,,,cor grains,,,,,,,,,,,,,,,,,,
Makide 2011,CM2 Murray,CM2,Murr 12-02,cor grains,2.13,0.45,,,,,,,,,10,,,,cor grains,,,,,,,,,,,,,,,,,,
Makide 2011,CI1 Orgueil,CI1,Org 01-01,cor grains,0.02,0.11,,,,,,,,,10,,,,cor grains,,,,,,,,,,,,,,,,,,
Makide 2011,CI1 Orgueil,CI1,Org 01-02,cor grains,4.14,0.87,,,,,,,,,10,,,,cor grains,,,,,,,,,,,,,,,,,,
Makide 2011,CI1 Orgueil,CI1,Org 01-03,cor grains,5.2,1.05,,,,,,,,,10,,,,cor grains,,,,,,,,,,,,,,,,,,
Makide 2011,CI1 Orgueil,CI1,Org 01-06,cor grains,4.72,0.88,,,,,,,,,10,,,,cor grains,,,,,,,,,,,,,,,,,,
Makide 2011,CI1 Orgueil,CI1,Org 01-10,cor grains,0.01,0.04,,,,,,,,,10,,,,cor grains,,,,,,,,,,,,,,,,,,
Makide 2011,CI1 Orgueil,CI1,Org 01-11,cor grains,3.45,0.75,,,,,,,,,10,,,,cor grains,,,,,,,,,,,,,,,,,,
Makide 2011,CI1 Orgueil,CI1,Org 01-12,cor grains,-0.07,0.25,,,,,,,,,10,,,,cor grains,,,,,,,,,,,,,,,,,,
Makide 2011,CI1 Orgueil,CI1,Org 01-13,cor grains,0.11,0.32,,,,,,,,,10,,,,cor grains,,,,,,,,,,,,,,,,,,
Makide 2011,CI1 Orgueil,CI1,Org 01-14,cor grains,-0.05,0.12,,,,,,,,,10,,,,cor grains,,,,,,,,,,,,,,,,,,
Makide 2011,CI1 Orgueil,CI1,Org 02-01,cor grains,4.65,0.97,,,,,,,,,10,,,,cor grains,,,,,,,,,,,,,,,,,,
Makide 2011,CR2 Renazzo,CR2,Ren 04-01,cor grains,3.78,0.8,,,,,,,,,10,,,,cor grains,,,,,,,,,,,,,,,,,,
Makide 2011,CR2 Renazzo,CR2,Ren 04-02,cor grains,0.003,0.026,,,,,,,,,10,,,,cor grains,,,,,,,,,,,,,,,,,,
Makide 2011,CR2 Renazzo,CR2,Ren 04-03,cor grains,5.49,1.48,,,,,,,,,10,,,,cor grains,,,,,,,,,,,,,,,,,,
Makide 2011,CR2 Renazzo,CR2,Ren 06-01,cor grains,6.42,1.05,,,,,,,,,10,,,,cor grains,,,,,,,,,,,,,,,,,,
Makide 2011,CR2 Renazzo,CR2,Ren 07-01,cor grains,0,0.14,,,,,,,,,10,,,,cor grains,,,,,,,,,,,,,,,,,,
Makide 2011,CR2 Renazzo,CR2,Ren 08-01,cor grains,0.75,0.19,,,,,,,,,10,,,,cor grains,,,,,,,,,,,,,,,,,,
Makide 2011,LL3.0 Semarkona,LL3.00,Sem 01-04,cor grains,3.89,0.81,,,,,,,,,10,,,,cor grains,,,,,,,,,,,,,,,,,,
Makide 2011,LL3.0 Semarkona,LL3.00,Sem 01-07,cor grains,5.05,1.04,,,,,,,,,10,,,,cor grains,,,,,,,,,,,,,,,,,,
Makide 2011,LL3.0 Semarkona,LL3.00,Sem 01-10,cor grains,4.66,1.74,,,,,,,,,10,,,,cor grains,,,,,,,,,,,,,,,,,,
Makide 2011,LL3.0 Semarkona,LL3.00,Sem 01-11,cor grains,3.75,0.97,,,,,,,,,10,,,,cor grains,,,,,,,,,,,,,,,,,,
Makide 2011,LL3.0 Semarkona,LL3.00,Sem 01-14,cor grains,-0.04,0.33,,,,,,,,,10,,,,cor grains,,,,,,,,,,,,,,,,,,
Makide 2011,LL3.0 Semarkona,LL3.00,Sem 02-03,cor grains,-0.29,0.74,,,,,,,,,10,,,,cor grains,,,,,,,,,,,,,,,,,,
Makide 2011,LL3.0 Semarkona,LL3.00,Sem 02-06,cor grains,3.11,0.78,,,,,,,,,10,,,,cor grains,,,,,,,,,,,,,,,,,,
Makide 2011,LL3.0 Semarkona,LL3.00,Sem 02-07,cor grains,-0.18,0.48,,,,,,,,,10,,,,cor grains,,,,,,,,,,,,,,,,,,
Makide 2011,LL3.0 Semarkona,LL3.00,Sem 03-01,cor grains,4.63,1.07,,,,,,,,,10,,,,cor grains,,,,,,,,,,,,,,,,,,
Makide 2011,LL3.0 Semarkona,LL3.00,Sem 03-04,cor grains,1,0.28,,,,,,,,,10,,,,cor grains,,,,,,,,,,,,,,,,,,
Makide 2011,LL3.0 Semarkona,LL3.00,Sem 03-05,cor grains,4.93,1.17,,,,,,,,,10,,,,cor grains,,,,,,,,,,,,,,,,,,
Makide 2011,LL3.0 Semarkona,LL3.00,Sem 05-01,cor grains,0.02,0.12,,,,,,,,,10,,,,cor grains,,,,,,,,,,,,,,,,,,
Makide 2011,LL3.0 Semarkona,LL3.00,Sem 05-02,cor grains,-0.11,0.61,,,,,,,,,10,,,,cor grains,,,,,,,,,,,,,,,,,,
Makide 2011,LL3.0 Semarkona,LL3.00,Sem 05-06,cor grains,0.01,0.19,,,,,,,,,10,,,,cor grains,,,,,,,,,,,,,,,,,,
Makide 2011,LL3.0 Semarkona,LL3.00,Sem 05-07,cor grains,5.33,1.23,,,,,,,,,10,,,,cor grains,,,,,,,,,,,,,,,,,,
Makide 2011,LL3.0 Semarkona,LL3.00,Sem 05-08,cor grains,0.02,0.38,,,,,,,,,10,,,,cor grains,,,,,,,,,,,,,,,,,,
Makide 2011,LL3.0 Semarkona,LL3.00,Sem 06-01,cor grains,4.56,1.14,,,,,,,,,10,,,,cor grains,,,,,,,,,,,,,,,,,,
Makide 2011,LL3.0 Semarkona,LL3.00,Sem 06-02,cor grains,4.38,1.02,,,,,,,,,10,,,,cor grains,,,,,,,,,,,,,,,,,,
Makide 2011,LL3.0 Semarkona,LL3.00,Sem 06-03,cor grains,0,0.06,,,,,,,,,10,,,,cor grains,,,,,,,,,,,,,,,,,,
Makide 2011,LL3.0 Semarkona,LL3.00,Sem 06-06,cor grains,0.99,0.35,,,,,,,,,10,,,,cor grains,,,,,,,,,,,,,,,,,,
Makide 2011,LL3.0 Semarkona,LL3.00,Sem 21-03,cor grains,0.06,0.11,,,,,,,,,10,,,,cor grains,,,,,,,,,,,,,,,,,,
Makide 2011,LL3.0 Semarkona,LL3.00,Sem 21-04,cor grains,0.2,0.07,,,,,,,,,10,,,,cor grains,,,,,,,,,,,,,,,,,,
Makide 2011,LL3.0 Semarkona,LL3.00,Sem 21-05,cor grains,0.01,0.09,,,,,,,,,10,,,,cor grains,,,,,,,,,,,,,,,,,,
Makide 2011,LL3.1 Bishunpur,LL3.1,Bis 21-02,cor grains,3.69,1.02,,,,,,,,,10,,,,cor grains,,,,,,,,,,,,,,,,,,
Makide 2011,LL3.1 Bishunpur,LL3.1,Bis 21-09,cor grains,6,2.19,,,,,,,,,10,,,,cor grains,,,,,,,,,,,,,,,,,,
Makide 2011,LL3.1 Bishunpur,LL3.1,Bis 21-11,cor grains,-0.02,0.12,,,,,,,,,10,,,,cor grains,,,,,,,,,,,,,,,,,,
Makide 2011,LL3.1 Bishunpur,LL3.1,Bis 23-01,cor grains,0,0.1,,,,,,,,,10,,,,cor grains,,,,,,,,,,,,,,,,,,
Makide 2011,LL3.1 Bishunpur,LL3.1,Bis 23-02,cor grains,0,0.2,,,,,,,,,10,,,,cor grains,,,,,,,,,,,,,,,,,,
Makide 2011,LL3.1 Bishunpur,LL3.1,Bis 23-03,cor grains,0.03,0.05,,,,,,,,,10,,,,cor grains,,,,,,,,,,,,,,,,,,
Makide 2011,LL3.1 Bishunpur,LL3.1,Bis 23-04,cor grains,0.01,0.04,,,,,,,,,10,,,,cor grains,,,,,,,,,,,,,,,,,,
Makide 2011,LL3.1 Bishunpur,LL3.1,Bis 23-05,cor grains,4.27,0.85,,,,,,,,,10,,,,cor grains,,,,,,,,,,,,,,,,,,
Makide 2011,LL3.1 Bishunpur,LL3.1,Bis 23-06,cor grains,4.87,0.93,,,,,,,,,10,,,,cor grains,,,,,,,,,,,,,,,,,,
Makide 2011,LL3.1 Bishunpur,LL3.1,Bis 23-07,cor grains,3.71,0.98,,,,,,,,,10,,,,cor grains,,,,,,,,,,,,,,,,,,
Makide 2011,LL3.1 Bishunpur,LL3.1,Bis 23-08,cor grains,0.21,0.42,,,,,,,,,10,,,,cor grains,,,,,,,,,,,,,,,,,,
Makide 2011,LL3.1 Bishunpur,LL3.1,Bis 23-09,cor grains,-0.01,0.1,,,,,,,,,10,,,,cor grains,,,,,,,,,,,,,,,,,,
Makide 2011,LL3.1 Bishunpur,LL3.1,Bis 24-01,cor grains,-0.03,0.13,,,,,,,,,10,,,,cor grains,,,,,,,,,,,,,,,,,,
Makide 2011,LL3.1 Bishunpur,LL3.1,Bis 24-02,cor grains,-0.07,0.12,,,,,,,,,10,,,,cor grains,,,,,,,,,,,,,,,,,,
Makide 2011,LL3.1 Bishunpur,LL3.1,Bis 24-03,cor grains,0.06,0.11,,,,,,,,,10,,,,cor grains,,,,,,,,,,,,,,,,,,
Makide 2011,H3.1 Roosevelt county,H3.1,RC075 02-01,cor grains,-0.09,0.14,,,,,,,,,10,,,,cor grains,,,,,,,,,,,,,,,,,,
Makide 2011,H3.1 Roosevelt county,H3.1,RC075 02-09,cor grains,-0.05,0.24,,,,,,,,,10,,,,cor grains,,,,,,,,,,,,,,,,,,
Makide 2011,H3.1 Roosevelt county,H3.1,RC075 02-11,cor grains,4.97,0.99,,,,,,,,,10,,,,cor grains,,,,,,,,,,,,,,,,,,
Makide 2011,H3.1 Roosevelt county,H3.1,RC075 04-02,cor grains,0.01,0.04,,,,,,,,,10,,,,cor grains,,,,,,,,,,,,,,,,,,
Makide 2011,H3.1 Roosevelt county,H3.1,RC075 04-03,cor grains,0,0.02,,,,,,,,,10,,,,cor grains,,,,,,,,,,,,,,,,,,
Makide 2011,H3.1 Roosevelt county,H3.1,RC075 05-01,cor grains,5.61,1.1,,,,,,,,,10,,,,cor grains,,,,,,,,,,,,,,,,,,
Makide 2011,H3.1 Roosevelt county,H3.1,RC075 05-02,cor grains,3.48,0.82,,,,,,,,,10,,,,cor grains,,,,,,,,,,,,,,,,,,
Makide 2011,H3.1 Roosevelt county,H3.1,RC075 05-03,cor grains,3.15,0.63,,,,,,,,,10,,,,cor grains,,,,,,,,,,,,,,,,,,
Makide 2011,H3.1 Roosevelt county,H3.1,RC075 06-01,cor grains,0.03,0.05,,,,,,,,,10,,,,cor grains,,,,,,,,,,,,,,,,,,
Makide 2011,H3.1 Roosevelt county,H3.1,RC075 06-02,cor grains,-0.12,0.42,,,,,,,,,10,,,,cor grains,,,,,,,,,,,,,,,,,,
Makide 2011,H3.1 Roosevelt county,H3.1,RC075 06-03,cor grains,0.19,0.38,,,,,,,,,10,,,,cor grains,,,,,,,,,,,,,,,,,,
Makide 2011,H3.1 Roosevelt county,H3.1,RC075 06-04,cor grains,-0.03,0.04,,,,,,,,,10,,,,cor grains,,,,,,,,,,,,,,,,,,
Makide 2011,H3.1 Roosevelt county,H3.1,RC075 07-01,cor grains,0.05,0.11,,,,,,,,,10,,,,cor grains,,,,,,,,,,,,,,,,,,
Makide 2011,H3.1 Roosevelt county,H3.1,RC075 07-03,cor grains,-0.08,0.12,,,,,,,,,10,,,,cor grains,,,,,,,,,,,,,,,,,,
Makide 2011,H3.1 Roosevelt county,H3.1,RC075 07-04,cor grains,-0.05,0.13,,,,,,,,,10,,,,cor grains,,,,,,,,,,,,,,,,,,
Sahijpal2000,Murchison,CM2,CH-A2,hibonite grain,3.6,1.2,4.6,1.6,,,,18,,,50,100,,,hibonite grain,,,,,,,,,,,,,,,,,,
Sahijpal2000,Murchison,CM2,CH-A3,hibonite grain,7.7,1.5,16.2,3.2,,,,29,,,,,,,hibonite grain,,,,,,,,,,,,,,,,,,
Sahijpal2000,Murchison,CM2,CH-A5,hibonite grain,1.3,0.1,175,12,,,,1780,,,,,,,hibonite grain,,,,,,,,,,,,,,,,,,
Sahijpal2000,Murchison,CM2,CH-B6,hibonite grain,5.1,0.4,43.1,5.2,,,,126,,,,,,,hibonite grain,,,,,,,,,,,,,,,,,,
Sahijpal2000,Allende,CV3,USNM3529-42,CAI hibonite,5.7,1.1,,,,,6,,,,,,,,CAI hibonite,,,,,,,,,,,,,,,,,,
Liu 2009,Murchison,CM2,8 PLACs,PLAC,,,,,,,8,,,,,,,,PLAC,,,,,,,,,,,,,,,,,,
Liu 2012,Murchison,CM2,Mmt3-3,PLAC,0.106,0.453,,,,,1,,,,30,40,,,PLAC,,,,,,,,,,,,,,,,,,
Liu 2012,Murchison,CM2,Mmt3-4,PLAC,-0.31,0.3,,,,,1,,,,30,40,,,PLAC,,,,,,,,,,,,,,,,,,
Liu 2012,Murchison,CM2,Mmt3-13,PLAC,-0.758,0.314,,,,,1,,,,30,40,,,PLAC,,,,,,,,,,,,,,,,,,
Liu 2012,Murchison,CM2,Mmt3-16,PLAC,2.49,0.24,,,,,1,,,,30,40,,,PLAC,,,,,,,,,,,,,,,,,,
Liu 2012,Murchison,CM2,Mmt4-4,PLAC,0.287,0.218,,,,,1,,,,30,40,,,PLAC,,,,,,,,,,,,,,,,,,
Liu 2012,Murchison,CM2,Mmt4-5,PLAC,-0.279,0.339,,,,,1,,,,30,40,,,PLAC,,,,,,,,,,,,,,,,,,
Liu 2012,Murchison,CM2,Mmt4-7,PLAC,0.298,0.185,,,,,1,,,,30,40,,,PLAC,,,,,,,,,,,,,,,,,,
Liu 2012,Murchison,CM2,Mmt4-8,PLAC,-0.322,0.525,,,,,1,,,,30,40,,,PLAC,,,,,,,,,,,,,,,,,,
Liu 2012,Murchison,CM2,Pmt1-4,PLAC,-1.02,0.37,,,,,1,,,,30,40,,,PLAC,,,,,,,,,,,,,,,,,,
Ireland 1992,Ordinary,H3,DH-H1,HAL-like,0.81,0.13,,,,,18,,,,150,,,,,,,,,,,,,,,,,,,,,,
Ireland 1992,Murchison,CM2,7-404,HAL-like,0.14,0.06,,,,,10,,,,80,,,,,,,,,,,,,,,,,,,,,,
BarMatthews1986,Murchison,CM2,BB-5,hib-cor,flat,,,,,,3,,,,100,,,,,,,,,,,,,,,,,,,,,,
Dunham2022,MIL 090657,CR2.7,Creosote,CTA-like,4.68,0.11,-0.08,0.06,,,15,1500,1,,900,,,,,,,,,,,,,,,,,,,,,,
Dunham2022,Allende,CV3.6ox,TS23A,B1,4.4,1.2,,,,,,,,,10000,,,,,,,,,,,,,,,,,,,,,,
Wadhwa2012,NWA 6991,CV3ox,B4,CTA,4.9,0.05,,,,,,,,,10000,,23.4 to -2.1,,,,,,,,,,,,,,,,,,,,
MacPherson2012,Vigarano,CV3.1-3.4red,3137,FoB,4.8,0.4,,,,,,,,,10000,,–24.4 to –1.0,,,,,,,,,,,,,,,,,,,,
MacPherson2012,Vigarano,CV3.1-3.4red,3138 F1,B2,4.66,0.17,0.18,0.06,,,20,10,4.8,,4000,5000,,,"mel, px, an, sp (minor nepheline and anorthite)",elliptical,,,,,,,,,,,,,,,,,
MacPherson2012,Vigarano,CV3.1-3.4red,3138 F4,A & C,4.77,0.31,0.52,0.12,,,38,18,12,,4700,,,,"mel, px, sp. 3 distinct zones",,,,,,,,,,,,,,,,,,
MacPherson2012,Vigarano,CV3.1-3.4red,3138 F5,AOA,5.13,0.11,-0.02,0.015,,,9,30,1,,3000,4000,,,,,,,,,,,,,,,,,,,,,
MacPherson2012,Vigarano,CV3.1-3.4red,3138 F6,CTA,4.24,0.36,0.09,0.17,,,14,10,3.8,,2200,2800,,,,,,,,,,,,,,,,,,,,,
MacPherson2012,Vigarano,CV3.1-3.4red,3138 F8,FTA,5.29,0.28,-0.07,0.11,,,16,100,1.9,,1800,4800,,,,,,,,,,,,,,,,,,,,,
MacPherson2012,Vigarano,CV3.1-3.4red,3138 F9,CTA,5.17,0.31,0,0.15,,,18,12,4.3,,6200,3900,,,,,,,,,,,,,,,,,,,,,
Dunham2022,Shişr 033,CR2,Dalea,CTA-like,4.54,0.46,-0.01,0.13,,,8,15,1.7,,220,,,,,,,,,,,,,,,,,,,,,,
Dunham2022,NWA 5028,CV3red,Cholla,FTA,5.22,0.28,-0.1,0.1,,,20,40,0.8,,1000,,–25.1 to – 6.9,,,,,,,,,,,,,,,,,,,,
Dunham2022,MIL 090657,CR2.7,Yucca,CTA-like,4.37,0.36,4.4,0.4,,,10,10,1.6,,950,,,,,,,,,,,,,,,,,,,,,,
Dunham2022,NWA 5028,CV3red,Agave,B2,4.98,0.05,-0.14,0.05,,,25,2000,3.3,,5000,,–24.4 to –0.7,,,,,,,,,,,,,,,,,,,,
Bodenan2020,Murchison,CM2,A-COR-1,corundum w/ hib,0.0167,0.0031,,,,,10,,,,175,140,,,,,,,,,,,,,,,,,,,,,
Virag 1991,Murchison,CM2,1,cor,4.1,1.1,,,,,2,,,,15,,,,,,,,,,,,,,,,,,,,,,
Virag 1991,Murchison,CM2,2,cor,1.7,0.3,,,,,2,,,,15,,,,,,,,,,,,,,,,,,,,,,
Virag 1991,Murchison,CM2,3,cor,4.7,0.8,,,,,3,,,,15,,,,,,,,,,,,,,,,,,,,,,
Virag 1991,Murchison,CM2,4,cor,5.1,1.2,,,,,1,,,,15,,,,,,,,,,,,,,,,,,,,,,
Virag 1991,Murchison,CM2,5,cor,3.4,0.5,,,,,3,,,,15,,,,,,,,,,,,,,,,,,,,,,
Virag 1991,Murchison,CM2,6,cor,4.7,0.6,,,,,2,,,,15,,,,,,,,,,,,,,,,,,,,,,
Virag 1991,Murchison,CM2,7,cor,4.8,0.2,,,,,10,,,,15,,,,,,,,,,,,,,,,,,,,,,
Virag 1991,Murchison,CM2,8,cor,3.4,0.8,,,,,2,,,,15,,,,,,,,,,,,,,,,,,,,,,
Virag 1991,Murchison,CM2,9,cor,4.3,0.8,,,,,3,,,,15,,,,,,,,,,,,,,,,,,,,,,
Virag 1991,Murchison,CM2,10,cor,4.1,0.4,,,,,3,,,,15,,,,,,,,,,,,,,,,,,,,,,
Virag 1991,Murchison,CM2,11,cor,3,1,,,,,3,,,,15,,,,,,,,,,,,,,,,,,,,,,
Virag 1991,Murchison,CM2,12,cor,3.6,0.4,,,,,3,,,,15,,,,,,,,,,,,,,,,,,,,,,
Virag 1991,Murchison,CM2,13,cor,2.4,0.5,,,,,3,,,,15,,,,,,,,,,,,,,,,,,,,,,
Virag 1991,Murchison,CM2,14,cor,2.5,0.6,,,,,4,,,,15,,,,,,,,,,,,,,,,,,,,,,
Virag 1991,Murchison,CM2,15,cor,1.8,0.2,,,,,5,,,,15,,,,,,,,,,,,,,,,,,,,,,
Virag 1991,Murchison,CM2,16,cor,,,,,,,5,,,,15,,,,,,,,,,,,,,,,,,,,,,
Virag 1991,Murchison,CM2,17,cor,1.7,0.7,,,,,3,,,,15,,,,,,,,,,,,,,,,,,,,,,
Virag 1991,Murchison,CM2,18,cor,0.5,0.5,,,,,1,,,,15,,,,,,,,,,,,,,,,,,,,,,
Virag 1991,Murchison,CM2,19,cor,0.3,0.1,,,,,3,,,,15,,,,,,,,,,,,,,,,,,,,,,
Virag 1991,Murchison,CM2,20,cor,0.4,0.2,,,,,1,,,,15,,,,,,,,,,,,,,,,,,,,,,
Virag 1991,Murchison,CM2,21,cor,0.3,1,,,,,3,,,,15,,,,,,,,,,,,,,,,,,,,,,
Virag 1991,Murchison,CM2,22,cor,0.3,0.1,,,,,3,,,,15,,,,,,,,,,,,,,,,,,,,,,
Virag 1991,Murchison,CM2,23,cor,0,0,,,,,2,,,,15,,,,,,,,,,,,,,,,,,,,,,
Virag 1991,Murchison,CM2,24,cor,,,,,,,1,,,,15,,,,,,,,,,,,,,,,,,,,,,
Virag 1991,Murchison,CM2,25,cor,,,,,,,1,,,,15,,,,,,,,,,,,,,,,,,,,,,
Makide 2013,Adelaide,C2-ung,1312-32,"platy hib, cor pv",0.06,0.16,,,,,2,,,,120,,,,,,,,,,,,,,,,,,,,,,
Makide 2013,Adelaide,C2-ung,1344-50,"hib-cor, grs mantle",-0.09,0.12,,,,,3,,,,120,,,,,,,,,,,,,,,,,,,,,,
Makide 2013,Murray,CM2,-47601,"cor-hib, sp",4.4,0.2,,,,,5,,,,100,,,,,,,,,,,,,,,,,,,,,,
Makide 2013,Murray,CM2,1769-9-1a,"cor-hib, sp",3.3,0.3,,,,,2,,,,100,,,,,,,,,,,,,,,,,,,,,,
Makide 2013,Murchison,CM2,UH68-1,"aggregate cor, sp",3.9,0.4,,,,,3,,,,35,,,,,,,,,,,,,,,,,,,,,,
Makide 2013,Murchison,CM2,36959,cor and hib,4.2,0.2,,,,,3,,,,50,,,,,,,,,,,,,,,,,,,,,,
Makide 2013,Murchison,CM2,37081,"platy hib, sp, cor",0.33,0.15,,,,,7,,,,190,,,,,,,,,,,,,,,,,,,,,,
Fahey1988,Murchison,CM2,F5,"hib, cor, sp",4.1,0.2,,,,,,,,,100,,,,,,,,,,,,,,,,,,,,,,
Ushikubo2007,Kainsaz,CO3,Kz1-2,"PLAC, cor",5.3,0.2,,,,,,,,,,,,,,,,,,,,,,,,,,,,,,,
Sugiura2007,Acfer 094,C3.00 (ung),AOA#11a,AOA,5,0.7,,,,,2,,,,144.3,117.8,,,,,,,,,,,,,,,,,,,,,
Sugiura2007,Acfer 094,C3.00 (ung),AOA#41,AOA,5.7,2,,,,,7,,,,266.1,146.4,,,,,,,,,,,,,,,,,,,,,
Sugiura2007,Acfer 094,C3.00 (ung),CAI s1,grs,,,,,,,2,,,,107.8,81.1,,,,,,,,,,,,,,,,,,,,,
Sugiura2007,Acfer 094,C3.00 (ung),CAI s2,cor,,,,,,,2,,,,67.1,52,,,,,,,,,,,,,,,,,,,,,
Sugiura2007,Acfer 094,C3.00 (ung),CAI s6,"mel, sp",7.1,1.7,,,,,2,,,,128.4,99.5,,,,,,,,,,,,,,,,,,,,,
Sugiura2007,Acfer 094,C3.00 (ung),CAI s8,"mel, sp",3.5,4.9,,,,,1,,,,149.3,98.4,,,,,,,,,,,,,,,,,,,,,
Sugiura2007,Acfer 094,C3.00 (ung),CAI s14,grs,6.3,0.7,,,,,1,,,,70.3,58.1,,,,,,,,,,,,,,,,,,,,,
Sugiura2007,Acfer 094,C3.00 (ung),CAI #20,"grs, mel",5.9,1.1,,,,,2,,,,79.1,51.8,,,,,,,,,,,,,,,,,,,,,
Sugiura2007,Acfer 094,C3.00 (ung),CAI #21,mel,7.6,2.5,,,,,1,,,,145.3,60.3,,,,,,,,,,,,,,,,,,,,,
Sugiura2007,Acfer 094,C3.00 (ung),CAI #24,an,-0.2,1.3,,,,,2,,,,158.7,72.7,,,,,,,,,,,,,,,,,,,,,
Sugiura2007,Acfer 094,C3.00 (ung),CAI #47,grs,4.7,0.5,,,,,1,,,,110.2,46.2,,,,,,,,,,,,,,,,,,,,,
Sugiura2007,Acfer 094,C3.00 (ung),CAI #61,grs,5,1.1,,,,,1,,,,154.6,36.3,,,,,,,,,,,,,,,,,,,,,
Sugiura2007,Acfer 094,C3.00 (ung),CAI #64,grs,5.2,0.6,,,,,1,,,,207.5,53.2,,,,,,,,,,,,,,,,,,,,,
Sugiura2007,Acfer 094,C3.00 (ung),CAI #68,"grs, sp",4.6,1.5,,,,,4,,,,159,127.1,,,,,,,,,,,,,,,,,,,,,
Sugiura2007,Acfer 094,C3.00 (ung),CAI #86,"px, hib",,,,,,,9,,,,71,64.3,,,,,,,,,,,,,,,,,,,,,
Sugiura2007,Acfer 094,C3.00 (ung),CAI #95,"an, px",5.1,0.8,,,,,2,,,,206,130.9,,,,,,,,,,,,,,,,,,,,,
Ireland1988,Murchison,CM2,44761,SHIB,5.55,1.48,,,3,,1,15,,,,,,,,,,,,,,,,,,,,,,,,,
Ireland1988,Murchison,CM2,44771,PLAC,0.05,,,,1,,1,148,,,,,,,,,,,,,,,,,,,,,,,,,
Ireland1988,Murchison,CM2,Jul-48,PLAC,0.33,0.16,,,0.3,,1,108,,,,,,,,,,,,,,,,,,,,,,,,,
Ireland1988,Murchison,CM2,Jul-51,PLAC,0.44,0.16,,,-2.2,,1,127,,,,,,,,,,,,,,,,,,,,,,,,,
Ireland1988,Murchison,CM2,7-143,SHIB,7.22,2.8,,,-0.4,,1,5,,,113.4,94.5,,,,,,,,,,,,,,,,,,,,,
Ireland1988,Murchison,CM2,7-170,SHIB,6.74,5.1,,,1.1,,1,4,,,81.3,75.5,,,,,,,,,,,,,,,,,,,,,
Ireland1988,Murchison,CM2,7-412,PLAC,5.58,0.58,,,-3.2,,1,40,,,142.8,110.1,,,,,,,,,,,,,,,,,,,,,
Ireland1988,Murchison,CM2,7-644,PLAC,7.72,1.38,,,2.5,,1,20,,,,,,,,,,,,,,,,,,,,,,,,,
Ireland1988,Murchison,CM2,7-658,PLAC,0.97,0.42,,,0.7,,1,66,,,,,,,,,,,,,,,,,,,,,,,,,
Ireland1988,Murchison,CM2,7-664,SHIB,8.74,2.78,,,3.1,,1,6,,,80.2,69.5,,,,,,,,,,,,,,,,,,,,,
Ireland1988,Murchison,CM2,7-753,NC,,,,,0.2,,1,31,,,77.2,68.6,,,,,,,,,,,,,,,,,,,,,
Ireland1988,Murchison,CM2,7-789,SHIB,4.75,0.82,,,3.5,,1,37,,,,,,,,,,,,,,,,,,,,,,,,,
Ireland1988,Murchison,CM2,7-789A,SHIB,4.43,0.48,,,5.4,,1,44,,,,,,,,,,,,,,,,,,,,,,,,,
Ireland1988,Murchison,CM2,7-953,SHIB,5.22,1.28,,,1.8,,1,14,,,88.6,64.7,,,,,,,,,,,,,,,,,,,,,
Ireland1988,Murchison,CM2,7-980,PLAC,17,0.14,,,1.9,,1,152,,,,,,,,,,,,,,,,,,,,,,,,,
Ireland1988,Murchison,CM2,7-981,PLAC,0.08,0.18,,,2.6,,1,139,,,,,,,,,,,,,,,,,,,,,,,,,
Ireland1988,Murchison,CM2,44854,PLAC,0.8,0.54,,,-1.5,,1,43,,,,,,,,,,,,,,,,,,,,,,,,,
Ireland1988,Murchison,CM2,Oct-43,BAG,1.01,,,,11.6,,1,13,,,54.1,39.2,,,,,,,,,,,,,,,,,,,,,
Ireland1988,Murchison,CM2,Oct-54,PLAC,0.1,0.24,,,0.4,,1,92,,,,,,,,,,,,,,,,,,,,,,,,,
Ireland1988,Murchison,CM2,Oct-55,PLAC,0.19,,,,2.2,,1,125,,,,,,,,,,,,,,,,,,,,,,,,,
Ireland1988,Murchison,CM2,Oct-70,PLAC,0.28,0.16,,,-3.4,,1,154,,,116.5,55.6,,,,,,,,,,,,,,,,,,,,,
Ireland1990,Murchison,CM2,Jul-76,SHIB,6.3,1.3,,,-6.2,,1,19,,,,,,,,,,,,,,,,,,,,,,,,,
Ireland1990,Murchison,CM2,7-170,SHIB,0.77,0.61,,,6.6,,1,30.3,,,,,,,,,,,,,,,,,,,,,,,,,
Ireland1990,Murchison,CM2,7-290,SHIB,4.4,0.8,,,-2,,1,22.8,,,,,,,,,,,,,,,,,,,,,,,,,
Ireland1990,Murchison,CM2,7-373,SHIB,0.79,0.78,,,5.9,,1,35,,,125.1,66.6,,,,,,,,,,,,,,,,,,,,,
Ireland1990,Murchison,CM2,7-505,SHIB,4.5,2.2,,,-4.5,,1,8.3,,,110.4,91.9,,,,,,,,,,,,,,,,,,,,,
Ireland1990,Murchison,CM2,7-551,SHIB,0.6,3.6,,,6.1,,1,5.1,,,,,,,,,,,,,,,,,,,,,,,,,
Ireland1990,Murchison,CM2,7-734,SHIB,5.7,1.4,,,0.8,,1,,,,106,89.9,,,,,,,,,,,,,,,,,,,,,
Ireland1990,Murchison,CM2,7-821,SHIB,5,0.5,,,-4.6,,1,,,,,,,,,,,,,,,,,,,,,,,,,,
Ireland1990,Murchison,CM2,7-A84,SHIB,6.1,1.8,,,0,,1,,,,,,,,,,,,,,,,,,,,,,,,,,
Ireland1990,Murchison,CM2,7-A95,SHIB,0.55,0.24,,,-3.5,,1,,,,,,,,,,,,,,,,,,,,,,,,,,
Ireland1990,Murchison,CM2,Aug-47,SHIB,5.3,1.2,,,0.2,,1,,,,,,,,,,,,,,,,,,,,,,,,,,
Ireland1990,Murchison,CM2,Aug-49,SHIB,7.4,1.2,,,-0.3,,1,,,,,,,,,,,,,,,,,,,,,,,,,,
Ireland1990,Murchison,CM2,Aug-65,SHIB,5.8,1.6,,,5.8,,1,,,,,,,,,,,,,,,,,,,,,,,,,,
Ireland1990,Murchison,CM2,Aug-66,PLAC,0.27,0.22,,,1.1,,1,,,,,,,,,,,,,,,,,,,,,,,,,,
Ireland1990,Murchison,CM2,13-02,SHIB,4.9,2,,,-2.9,,1,,,,,,,,,,,,,,,,,,,,,,,,,,
Ireland1990,Murchison,CM2,13-03,SHIB,4.4,4,,,2.3,,1,,,,,,,,,,,,,,,,,,,,,,,,,,
Ireland1990,Murchison,CM2,13-04,SHIB,6.5,3.1,,,-2.8,,1,,,,,,,,,,,,,,,,,,,,,,,,,,
Ireland1990,Murchison,CM2,13-13,PLAC,0.05,,,,0.1,,1,,,,77.8,37.9,,,,,,,,,,,,,,,,,,,,,
Ireland1990,Murchison,CM2,13-23,BAG,0.14,1.01,,,18.2,,1,,,,29.1,28.4,,,,,,,,,,,,,,,,,,,,,
Ireland1990,Murchison,CM2,13-24,SHIB,0.77,0.58,,,-10.5,,1,,,,,,,,,,,,,,,,,,,,,,,,,,
Ireland1990,Murchison,CM2,13-25,PLAC,0.16,0.18,,,-2.8,,1,,,,,,,,,,,,,,,,,,,,,,,,,,
Ireland1990,Murchison,CM2,13-33,SHIB,5.3,1.5,,,-6,,1,,,,,,,,,,,,,,,,,,,,,,,,,,
Ireland1990,Murchison,CM2,13-37,SHIB,5.2,2,,,0.1,,1,,,,,,,,,,,,,,,,,,,,,,,,,,
Ireland1990,Murchison,CM2,13-51,PLAC,0.44,0.31,,,-5.7,,1,,,,,,,,,,,,,,,,,,,,,,,,,,
Ireland1990,Murchison,CM2,13-60,SHIB,5.4,5,,,-7.7,,1,,,,90.2,55.8,,,,,,,,,,,,,,,,,,,,,
Ireland1990,Murchison,CM2,13-61,SHIB,5.6,0.8,,,-3.5,,1,,,,,,,,,,,,,,,,,,,,,,,,,,
Ireland1990,Murchison,CM2,14-12,PLAC,0.51,0.35,,,-2.6,,1,,,,,,,,,,,,,,,,,,,,,,,,,,
Ireland1990,Murchison,CM2,14-14,SHIB,5.8,5,,,-3.3,,1,,,,,,,,,,,,,,,,,,,,,,,,,,
Kawasaki2020,Efremovka,CV3,HKE02,FGI,5.19,0.17,0.022,0.087,,,11,50,0.4,,1700,,,,sp-rich,,,,,,,,,,,,,,,,,,
Kawasaki2020,Efremovka,CV3,HKE03,FGI,3.35,0.2,0.07,0.12,,,7,60,0.6,,900,,,,sp-rich,,,,,,,,,,,,,,,,,,
Kawasaki2020,Vigarano,CV3,HKV03,FGI,4.99,0.17,-0.03,0.078,,,9,140,0.4,,3000,,,,sp-rich,,,,,,,,,,,,,,,,,,
Kawasaki2020,Thiel Mountains 07007,CV3,TIL01,FGI,4.43,0.31,-0.03,0.12,,,8,40,0.8,,3000,,,,sp-rich,,,,,,,,,,,,,,,,,,
Kawasaki2020,Thiel Mountains 07007,CV3,TIL02,FGI,4.53,0.18,-0.014,0.076,,,10,60,0.5,,3400,,,,"an-px core, mel mantle",,,,,,,,,,,,,,,,,,
Kawasaki2020,Thiel Mountains 07007,CV3,TIL03,FGI,4.09,0.22,-0.013,0.046,,,8,60,0.5,,6000,,,,sp-rich,,,,,,,,,,,,,,,,,,
Kawasaki2020,Northwest Africa 8613,CV3,HKD01,FGI,4.812,0.089,-0.06,0.063,,,10,300,0.5,,12000,,,,hib-rich,,,,,,,,,,,,,,,,,,
MacPherson2022,NWA 3118,CV3,1N-b,CTA,4.81,0.11,0.06,0.03,,,20,20,0.73,,18000,,,,,,,,,,,,,,,,,,,,,,
MacPherson2022,NWA 3118,CV3,16N,CTA,5.15,0.1,-0.04,0.03,,,17,40,3.9,,8000,,,,,,,,,,,,,,,,,,,,,,
MacPherson2022,Allende,CV3,TS-19-F1,CTA,4.89,0.12,0.17,0.04,,,10,30,2.3,,3200,1600,,,,,,,,,,,,,,,,,,,,,
MacPherson2022,Vigarano,CV3,1623 - 11,CTA,4.94,0.07,-0.03,0.02,,,17,1000,2.8,,3000,2000,,,,,,,,,,,,,,,,,,,,,
MacPherson2020,Efremovka,CV3,E13b,FGI,5.32,0.36,-0.07,0.14,,,8,60,0.6,,6500,4000,,,,,,,,,,,,,,,,,,,,,
MacPherson2020,Efremovka ,CV3,E67,FGI,4.81,0.86,0.09,0.28,,,7,25,0.9,,6000,5000,,,,,,,,,,,,,,,,,,,,,
MacPherson2020,Efremovka ,CV3,E103,FGI,5.28,0.29,-0.11,0.22,,,9,130,0.4,,5000,3000,,,,,,,,,,,,,,,,,,,,,
MacPherson2020,Efremovka ,CV3,E101,FGI,5.32,0.31,-0.47,0.22,,,10,200,1.1,,4000,4500,,,,,,,,,,,,,,,,,,,,,
MacPherson2020,Vigarano ,CV3,1623 - 4,FGI,5.23,0.17,-0.2,0.24,,,9,450,1.3,,2500,,,,,,,,,,,,,,,,,,,,,,
MacPherson2020,Semarkona ,LL3.00,1805-2,FGI,5.23,0.55,0.01,0.29,,,15,60,1.4,,480,,,,,,,,,,,,,,,,,,,,,,
MacPherson2020,Kaba ,CV3,MP56 - 7,FGI,5.35,0.61,-0.22,0.29,,,5,80,0.7,,1800,,,,,,,,,,,,,,,,,,,,,,
Kawasaki2018,Allende,CV3,TS34,Type B1,5.003,0.075,0.096,0.024,,,44,800,,,8000,,,,,,,,,,,,,,,,,,,,,,
Kita2012,Leoville,CV3,3535 - 1,Type B1,5.002,0.065,0.06,0.08,,,42,400,5.4,,8000,6000,,,,,,,,,,,,,,,,,,,,,
Hertwig2021,Northwest Africa 7892,CO3.00,Mesquite,CTA-like,4.95,0.08,-0.14,0.05,,,35,350,2.4,,5000,3000,,,,,,,,,,,,,,,,,,,,,
Hertwig2021,Yamato-81020,CO3,Y24,"hib, grs",5.4,1,-0.22,0.27,,,4,200,3,,300,150,,,,,,,,,,,,,,,,,,,,,
Kawasaki2015,Allende,CV3,EK1-04-2,Type C,3.5,0.2,-0.003,0.001,,,,,,,2000,,,,,,,,,,,,,,,,,,,,,,
Kawasaki2019,Efremovka,CV3,HKE01,FTA,4.393,0.084,0.022,0.042,,,40?,50,1,,10000,,,,,,,,,,,,,,,,,,,,,,
Kawasaki2019,Vigarano,CV3,V2-01,FGI,4.703,0.082,-0.06,0.032,,,40?,150,0.9,,7000,,,,,,,,,,,,,,,,,,,,,,
MacPherson2018,Allende,CV3,USNM 3898,CTA,5.013,0.099,-0.008,0.048,,,,,,,7000,,,,,,,,,,,,,,,,,,,,,,
MacPherson2010,Leoville,CV3,597538,FGI,5.27,0.17,0.02,0.06,,,,,1.3,,,,,,,,,,,,,,,,,,,,,,,,
Sugiura&Krot2007,Acfer 094,CH,AOA #11a,AOA,5,0.7,,,,,,,,,,,,,,,,,,,,,,,,,,,,,,,
Sugiura&Krot2007,Acfer 094,CH,AOA#41,AOA,5.7,2,,,,,,,,,,,,,,,,,,,,,,,,,,,,,,,
Sugiura&Krot2007,Acfer 094,CH,s6,"mel-rich, sp, px (CTA)",7.1,1.7,,,,,,,,,,,,,,,,,,,,,,,,,,,,,,,
Sugiura&Krot2007,Acfer 094,CH,s8,"mel-rich, sp, px (CTA)",3.5,4.9,,,,,,,,,,,,,,,,,,,,,,,,,,,,,,,
Sugiura&Krot2007,Acfer 094,CH,CAI s14,"grs-rich, sp, hib",6.3,0.7,,,,,,,,,,,,,,,,,,,,,,,,,,,,,,,
Sugiura&Krot2007,Acfer 094,CH,CAI #20,"grs-rich, sp, hib",5.9,1.1,,,,,,,,,,,,,,,,,,,,,,,,,,,,,,,
Sugiura&Krot2007,Acfer 094,CH,CAI #21,"grs-rich, sp, hib",7.6,2.5,,,,,,,,,,,,,,,,,,,,,,,,,,,,,,,
Sugiura&Krot2007,Acfer 094,CH,CAI #24,Type C,-0.2,1.3,,,,,,,,,,,,,,,,,,,,,,,,,,,,,,,
Sugiura&Krot2007,Acfer 094,CH,CAI #47,"grs-rich, sp, hib",4.7,0.5,,,,,,,,,,,,,,,,,,,,,,,,,,,,,,,
Sugiura&Krot2007,Acfer 094,CH,CAI #61,"grs-rich, sp, hib",5,1.1,,,,,,,,,,,,,,,,,,,,,,,,,,,,,,,
Sugiura&Krot2007,Acfer 094,CH,CAI #64,"grs-rich, sp, hib",5.2,0.6,,,,,,,,,,,,,,,,,,,,,,,,,,,,,,,
Sugiura&Krot2007,Acfer 094,CH,CAI #68,"grs-rich, sp, hib",4.6,1.5,,,,,,,,,,,,,,,,,,,,,,,,,,,,,,,
Sugiura&Krot2007,Acfer 094,CH,#95,"mel-rich, sp, px (CTA)",5.1,0.8,,,,,,,,,,,,,,,,,,,,,,,,,,,,,,,
Mishra2014,Efremovka,CV3,Efr#1,A,4.77,0.15,0.14,0.05,,,20,16,1.3,,1800,1200,,,,,,,,,,,,,,,,,,,,,
Mishra2014,Efremovka,CV3,Efr#4,AOA,5.09,0.64,0.03,0.03,,,16,2,1.1,,1800,600,,,,,,,,,,,,,,,,,,,,,
Mishra2014,Efremovka,CV3,Efr#6,FG sp-rich,6.55,0.74,-0.06,0.06,,,15,2,2.5,,1600,1000,,,,,,,,,,,,,,,,,,,,,
Mishra2014,Efremovka,CV3,Efr#8,FG sp-rich,5.15,0.64,0.18,0.08,,,5,3,1.6,,600,400,,,,,,,,,,,,,,,,,,,,,
Mishra2014,Efremovka,CV3,Efr#9,FG sp-rich,5.32,0.43,-0.01,0.04,,,8,3,1,,600,450,,,,,,,,,,,,,,,,,,,,,
Mishra2014,Efremovka,CV3,Efr#16,FG sp-rich,5.81,0.33,-0.08,0.04,,,10,4,1.5,,500,200,,,,,,,,,,,,,,,,,,,,,
Mishra2014,Vigarano,CV3,Vig#1,C,5.02,0.5,0.17,0.08,,,12,4,3.1,,1000,800,,,,,,,,,,,,,,,,,,,,,
Mishra2014,Vigarano,CV3,Vig#3,C,5.56,1.14,0.02,0.21,,,13,4,4.3,,900,450,,,,,,,,,,,,,,,,,,,,,
Mishra2014,Vigarano,CV3,Vig#4,C,4.14,0.61,0.25,0.08,,,15,4,1.7,,1400,1200,,,,,,,,,,,,,,,,,,,,,
Mishra2014,Vigarano,CV3,Vig#5,AOA,2.9,0.53,0.28,0.05,,,15,4,2.7,,1200,400,,,,,,,,,,,,,,,,,,,,,
Mishra2014,Vigarano,CV3,Vig#8,C,5.49,0.49,0.11,0.04,,,13,3,1,,900,150,,,,,,,,,,,,,,,,,,,,,
Mishra2014,Vigarano,CV3,Vig#14,C,0.88,0.25,0.37,0.1,,,13,16,2.7,,1000,400,,,,,,,,,,,,,,,,,,,,,
Mishra2014,Vigarano,CV3,Vig#15,B,5.09,0.54,0.17,0.07,,,10,6,1.7,,1300,1000,,,,,,,,,,,,,,,,,,,,,
Mishra2014,Vigarano,CV3,Vig1219#1,B,4.89,0.38,-0.05,0.18,,,20?,35,5.6,,3000,4000,,,,,,,,,,,,,,,,,,,,,
MacPherson2010,Leoville,CV3,3536-1,FGI,5.27,0.17,0.02,0.06,,,21,40,1.3,,1200,500,,,,,,,,,,,,,,,,,,,,,
Jacobsen2008,Allende,CV3,"A44A, AJEF, A43",B,5.23,0.13,-0.04,0.029,,,10,8,1.5,,big,,,,,,,                 ,,,,,,,,,,,,,,,
Bouvier and Wadhwa 2010,Allende,CV3,B1,B,5.03,0.26,0.02,0.06,,,9,4,1.2,,big,,,,,,,,,,,,,,,,,,,,,,
Larsen2011,Allende,CV3,"E48, E104, 31E, 22E",B & A,5.252,0.019,-0.159,0.014,,,,,1.2,,30000,,,,,,,,,,,,,,,,,,,,,,
Caillet1993,Leoville,CV3,3537-1,B,4.56,0.34,,,,,,,,,7000,,,,,,,,,,,,,,,,,,,,,,
Caillet1993,Leoville,CV3,3537-1,B,,,,,,,,,,,,,,,,,,,,,,,,,,,,,,,,,
Koop2017,Murchison,CM2,2/2/01,PLAC-like (F); hib-pv,,,,,,,,,,,100,,,,,,,,,,,,,,,,,,,,,,
Koop2017,Murchison,CM2,2/5/01,PLAC-like (FUN); hib,,,,,,,2,,,,150,,,,,,,,,,,,,,,,,,,,,,
Koop2017,Murchison,CM2,2/6/01,PLAC-like (F); grs-pv-hib,,,,,,,2,,,,150,,,,,,,,,,,,,,,,,,,,,,
Koop2017,Murchison,CM2,2/6/06,PLAC-like (FUN); hib,-0.005,0.1,5.4,1,,,2,,,,100,,,,,,,,,,,,,,,,,,,,,,
Koop2017,Murchison,CM2,2/8/03,PLAC-like (F); hib-pv,3.2,3.1,13.1,25.2,,,,,,,100,,,,,,,,,,,,,,,,,,,,,,
Koop2017,Murchison,CM2,2/8/07,PLAC-like (F); hib-pv,1.06,16.8,-20,480,,,,,,,50,,,,,,,,,,,,,,,,,,,,,,
Koop2017,Murchison,CM2,1/10/03,"PLAC-like (FUN), hib.cor",,,,,,,,,,,,,,,,,,,,,,,,,,,,,,,,,
Koop2017,Murchison,CM2,1/9/01,PLAC-like (FUN); hib-sp,-0.01,0.1,0,0.102,,,,,,,100,,,,,,,,,,,,,,,,,,,,,,
McKeegan2005,Vigarano,CV3,1623-5,A/B FUN,1.6,,,,,,,,,,,,,,,,,,,,,,,,,,,,,,,,
Park2017,Axtell,CV3,AX2271,"FUN, hib-bearing",0.31,0.2,0.6,0.2,,,,,0.9,,2500,,,,,,,,,,,,,,,,,,,,,,
Brigham1990,Allende,CV3,B7F6,A/B FUN,-7.3,10,1.58,3.8,,,,,,,,,,,,,,,,,,,,,,,,,,,,,
Brigham1990,Allende,CV3,B7H10,A/B FUN,-11.3,20,0.58,3.3,,,,,,,2000,,,,,,,,,,,,,,,,,,,,,,
Park2017,Allende,CV3,BG28DH8,hib-bearing,0.37,0.15,0.05,1.7,,,,,,,5000,,,,,,,,,,,,,,,,,,,,,,
Brigham1990,Allende,CV3,BG28HB1,hib-bearing,0.06,0.6,-0.58,0.54,,,,,,,4000,,,,,,,,,,,,,,,,,,,,,,
Park2017,Allende,CV3,C1,A/B FUN,0.22,0.1,-0.11,0.05,,,,,,,,,,,,,,,,,,,,,,,,,,,,,
Park2017,Allende,CV3,CG14,A/B FUN,1.52,1.1,-0.43,0.08,,,,,,,1000,,,,,,,,,,,,,,,,,,,,,,
Sahijpal2000,,CV3,CH-A5,"FUN, hib-bearing",1.3,0.1,,,,,,,,,2000,,,,,,,,,,,,,,,,,,,,,,
Williams2017,Allende,CV3,CMS-1,A/B FUN,2,0.8,-0.8,0.2,,,,,,,4000,,,,,,,,,,,,,,,,,,,,,,
wasserburg2012,Allende,CV3,EGG-3,A/B F; mel-sp-an-px,4.9,1,,,,,,,,,1500,,,,,,,,,,,,,,,,,,,,,,
Park2017,Allende,CV3,EK1–4–1,A/B FUN; mel-sp-px,2.2,2.4,-2.2,0.38,,,,,,,1400,,,,,,,,,,,,,,,,,,,,,,
Makide2009,CR Gao Guenie,CR,GG#3,A/B FUN; mel-sp,2.01,1.8,-2.7,0.62,,,,,,,250,,,,,,,,,,,,,,,,,,,,,,
Rout2009,R chondrite,R (NC),H030/L,FUN; hib-sp-px,0.07,0.01,5.2,16.6,,,,,,,150,,,,,,,,,,,,,,,,,,,,,,
Fahey1987,Allende,CV3,HAL,PLAC-like,0.0057,0.00019,0.044,1.4,,,,,,,5000,,,,,,,,,,,,,,,,,,,,,,
Thrane2008,CV NWA 779,CV3,KT-1,A/B FUN; mel-sp-px,-2.23,5,0.08,0.54,,,,,,,2700,,,,,,,,,,,,,,,,,,,,,,
Ushikubo2007,CO Kainsaz,CO,Kz1-2,PLAC-like (F); hib-sp-cor,5.57,0.4,-7.4,2.4,,,,,,,200,,,,,,,,,,,,,,,,,,,,,,
Keller2008,Allende,CV3,SHAL,PLAC-like; hib,NA,,,,,,,,,,,,,,,,,,,,,,,,,,,,,,,,
Holst2013,Allende,CV3,STP-1,FUN; mel-sp-hib,0.29,0.02,-0.38,0.04,,,,,,,5000,,,,,,,,,,,,,,,,,,,,,,
Park2014,Allende,CV3,TE,"A/B FUN (F); FoB, mel-px-fo",5.32,0.92,-0.05,0.08,,,,,,,400,,,,,,,,,,,,,,,,,,,,,,
MacPherson2017,Allende,CV3,SJ101,FoB,5.2,0.53,−0.128,0.037,,,,,,,25000,15000,,,,,,,,,,,,,,,,,,,,,
MacPherson2017,Allende,CV3,ALVIN,FoB,4.17,0.43,−0.092,0.029,,,,,,,10000,,,,,,,,,,,,,,,,,,,,,,
MacPherson2017,Allende,CV3,4N,FoB,4.7,0.32,−0.005,0.027,,,,,,,11000,2000,,,,,,,,,,,,,,,,,,,,,
MacPherson2017,Efremovka,CV3,E64,FoB,5.2,0.35,0.089,0.045,,,,,,,5000,,,,,,,,,,,,,,,,,,,,,,
MacPherson2017,Efremovka,CV3,E60,FoB,5.3,0.22,−0.081,0.03,,,,,,,10000,,,,,,,,,,,,,,,,,,,,,,
MacPherson2017,Vigarano,CV3,V3137,FoB,4.76,0.35,−0.007,0.038,,,,,,,5000,,,,,,,,,,,,,,,,,,,,,,
MacPherson2017,NWA3118,CV3,TS35,FoB,4.69,0.28,−0.070,0.031,,,,,,,8000,,,,,,,,,,,,,,,,,,,,,,
MacPherson1993,,,,,,,,,,,,,,,,,,,,,,,,,,,,,,,,,,,,,
Lee1977a,,,,,,,,,,,,,,,,,,,,,,,,,,,,,,,,,,,,,
Lee1977b,,,,,,,,,,,,,,,,,,,,,,,,,,,,,,,,,,,,,
MacPherson2008,,,,,,,,,,,,,,,,,,,,,,,,,,,,,,,,,,,,,
Krot2008,,,,,,,,,,,,,,,,,,,,,,,,,,,,,,,,,,,,,
Hsu2000,,,,,,,,,,,,,,,,,,,,,,,,,,,,,,,,,,,,,
,,,,,,,,,,,,,,,,,,,,,,,,,,,,,,,,,,,,,
MacPherson et al. 1989; Kimura et al. 1993; Weber et al. 1995; Makide et al. 2004; Srinivasan et al. 2007?? have we done these? taken from Krot 2008 paper about CH CAIs,,,,,,,,,,,,,,,,,,,,,,,,,,,,,,,,,,,,,